DataName,Stage,DateTime,Name,Type,Min,Max,RowCount,MissingCount,ErrorCount,EmptyCount
BENEFIT,02,2019-04-11 07:24:41.022494,ACCOUNTADDR,FieldType.STRING,,total figures at 22/02/2016 ï¿½763.65,1283.0,,,172.0
BENEFIT,02,2019-04-11 07:24:41.022494,ACCOUNTCODE,FieldType.STRING,,<null>,1283.0,,,175.0
BENEFIT,02,2019-04-11 07:24:41.022494,AINADDR,FieldType.STRING,,SEE NOTES RE TRANSFER OF AVC'S TO UNISON,1283.0,,,370.0
BENEFIT,02,2019-04-11 07:24:41.022494,AINVNAME,FieldType.STRING,,Z9994,1283.0,,,1.0
BENEFIT,02,2019-04-11 07:24:41.022494,APCODE,FieldType.STRING,,<null>,1283.0,,,375.0
BENEFIT,02,2019-04-11 07:24:41.022494,ATYPE,FieldType.STRING,,Retained Pension Ben,1283.0,,,1.0
BENEFIT,02,2019-04-11 07:24:41.022494,AVCACC,FieldType.STRING,,<null>,1283.0,,,1.0
BENEFIT,02,2019-04-11 07:24:41.022494,AVCANN,FieldType.STRING,,<null>,1283.0,,,1.0
BENEFIT,02,2019-04-11 07:24:41.022494,AVCCOMP,FieldType.STRING,,Y,1283.0,,,1.0
BENEFIT,02,2019-04-11 07:24:41.022494,AVCEDCUR,FieldType.STRING,,<null>,1283.0,,,1.0
BENEFIT,02,2019-04-11 07:24:41.022494,AVCID,FieldType.STRING,,2590,1283.0,,,1.0
BENEFIT,02,2019-04-11 07:24:41.022494,AVCPAYFREQ,FieldType.STRING,,[ New ],1283.0,,,1.0
BENEFIT,02,2019-04-11 07:24:41.022494,AVCPAYTYPE,FieldType.STRING,,Single - Fund,1283.0,,,1.0
BENEFIT,02,2019-04-11 07:24:41.022494,AVCPREND,FieldType.STRING,,<null>,1283.0,,,1.0
BENEFIT,02,2019-04-11 07:24:41.022494,AVCSTAT,FieldType.STRING,,AVC Lapsed,1283.0,,,1.0
BENEFIT,02,2019-04-11 07:24:41.022494,AVCSTATED,FieldType.STRING,,<null>,1283.0,,,1.0
BENEFIT,02,2019-04-11 07:24:41.022494,BIC,FieldType.STRING,,<null>,1283.0,,,175.0
BENEFIT,02,2019-04-11 07:24:41.022494,DATEBENE,FieldType.STRING,,<null>,1283.0,,,1.0
BENEFIT,02,2019-04-11 07:24:41.022494,IBAN,FieldType.STRING,,<null>,1283.0,,,175.0
BENEFIT,02,2019-04-11 07:24:41.022494,LTA,FieldType.STRING,,<null>,1283.0,,,1.0
BENEFIT,02,2019-04-11 07:24:41.022494,LTADATE,FieldType.STRING,,<null>,1283.0,,,1.0
BENEFIT,02,2019-04-11 07:24:41.022494,MEMNO,FieldType.STRING,,75596,1283.0,,,1.0
BENEFIT,02,2019-04-11 07:24:41.022494,PAYEE,FieldType.STRING,,<null>,1283.0,,,175.0
BENEFIT,02,2019-04-11 07:24:41.022494,TOTBENE,FieldType.STRING,,9968.27,1283.0,,,1.0
DEFELEMENTS,02,2019-04-11 07:24:41.527425,BCAT,FieldType.STRING,100th NRA 60,SCHEME=BAR,222.0,1.0,,1.0
DEFELEMENTS,02,2019-04-11 07:24:41.527425,CONTRIBUTION,FieldType.STRING,1,<null>,222.0,1.0,,221.0
DEFELEMENTS,02,2019-04-11 07:24:41.527425,DATATYPE,FieldType.STRING,<null>,<null>,222.0,1.0,,
DEFELEMENTS,02,2019-04-11 07:24:41.527425,ELEMENTSET,FieldType.STRING,Member,<null>,222.0,1.0,,
DEFELEMENTS,02,2019-04-11 07:24:41.527425,ELEMENTTYPE,FieldType.STRING,0,Spouse,222.0,1.0,,
DEFELEMENTS,02,2019-04-11 07:24:41.527425,EXITTYPE,FieldType.STRING,<null>,1,222.0,1.0,,
DEFELEMENTS,02,2019-04-11 07:24:41.527425,GROUPNAME,FieldType.STRING,509,<null>,222.0,1.0,,
DEFELEMENTS,02,2019-04-11 07:24:41.527425,ID,FieldType.STRING,1,734,222.0,1.0,,
DEFELEMENTS,02,2019-04-11 07:24:41.527425,ITEMNO,FieldType.STRING,97 To 2004 Pension,9,222.0,1.0,,
DEFELEMENTS,02,2019-04-11 07:24:41.527425,NAME,FieldType.STRING,BAR,Pst97 Pst04 TVIN Years,222.0,1.0,,
DEFELEMENTS,02,2019-04-11 07:24:41.527425,SCHEME,FieldType.STRING,1,BAR,222.0,1.0,,
DEFELEMENTS,02,2019-04-11 07:24:41.527425,STATUS,FieldType.STRING,<null>,1,222.0,1.0,,
DEFELEMENTS,02,2019-04-11 07:24:41.527425,TOTALLING,FieldType.STRING,,Y,222.0,,,
DEFELEMENTS,02,2019-04-11 07:24:41.527425,Column14,FieldType.STRING,,,222.0,,,
DEFERREDITEMS,02,2019-04-11 07:24:42.312863,AMOUNT,FieldType.STRING,-160.68,SCHEME=BAR,29290.0,1.0,,1.0
DEFERREDITEMS,02,2019-04-11 07:24:42.312863,DATEEFFECTIVE,FieldType.STRING,509,<null>,29290.0,1.0,,29289.0
DEFERREDITEMS,02,2019-04-11 07:24:42.312863,ELEMENTID,FieldType.STRING,0,726,29290.0,1.0,,
DEFERREDITEMS,02,2019-04-11 07:24:42.312863,EXITTYPE,FieldType.STRING,199339,0,29290.0,1.0,,
DEFERREDITEMS,02,2019-04-11 07:24:42.312863,ID,FieldType.STRING,01/01/1978,229558,29290.0,1.0,,
DEFERREDITEMS,02,2019-04-11 07:24:42.312863,INCDATE,FieldType.STRING,1,31/12/2012,29290.0,1.0,,
DEFERREDITEMS,02,2019-04-11 07:24:42.312863,ITEMNO,FieldType.STRING,18654,7,29290.0,1.0,,
DEFERREDITEMS,02,2019-04-11 07:24:42.312863,MEMNO,FieldType.STRING,,75588,29290.0,,,
DEFERREDITEMS,02,2019-04-11 07:24:42.312863,Column9,FieldType.STRING,,,29290.0,,,
ELEMENTS,02,2019-04-11 07:24:43.152730,AMOUNT,FieldType.STRING,-393.8,SCHEME=BAR,20708.0,1.0,,1.0
ELEMENTS,02,2019-04-11 07:24:43.152730,DATEEFFECTIVE,FieldType.STRING,1,<null>,20708.0,1.0,,20707.0
ELEMENTS,02,2019-04-11 07:24:43.152730,ELEMENTID,FieldType.STRING,03/03/2018,9,20708.0,1.0,,
ELEMENTS,02,2019-04-11 07:24:43.152730,ENDDATE,FieldType.STRING,1,<null>,20708.0,1.0,,
ELEMENTS,02,2019-04-11 07:24:43.152730,ID,FieldType.STRING,N,9999,20708.0,1.0,,
ELEMENTS,02,2019-04-11 07:24:43.152730,INFORCE,FieldType.STRING,06/01/2018,Y,20708.0,1.0,,
ELEMENTS,02,2019-04-11 07:24:43.152730,LASTPAYDATE,FieldType.STRING,201701,<null>,20708.0,1.0,,
ELEMENTS,02,2019-04-11 07:24:43.152730,LASTPERIOD,FieldType.STRING,18658,<null>,20708.0,1.0,,
ELEMENTS,02,2019-04-11 07:24:43.152730,MEMNO,FieldType.STRING,0,75603,20708.0,1.0,,
ELEMENTS,02,2019-04-11 07:24:43.152730,NEWAMOUNT,FieldType.STRING,03/03/2018,<null>,20708.0,1.0,,
ELEMENTS,02,2019-04-11 07:24:43.152730,ORIGENDDATE,FieldType.STRING,01/04/2017,<null>,20708.0,1.0,,
ELEMENTS,02,2019-04-11 07:24:43.152730,STARTDATE,FieldType.STRING,,26/02/2018,20708.0,,,
ELEMENTS,02,2019-04-11 07:24:43.152730,Column13,FieldType.STRING,,,20708.0,,,
EXITDEATHS,02,2019-04-11 07:24:43.851784,AVCREFUND,FieldType.STRING,0,SCHEME=BAR,1582.0,,,1.0
EXITDEATHS,02,2019-04-11 07:24:43.851784,BCEDATE,FieldType.STRING,,<null>,1582.0,,,1.0
EXITDEATHS,02,2019-04-11 07:24:43.851784,CHILDDATECEASE,FieldType.STRING,,<null>,1582.0,,,1.0
EXITDEATHS,02,2019-04-11 07:24:43.851784,CHILDDATECOMMENCED,FieldType.STRING,,<null>,1582.0,,,1.0
EXITDEATHS,02,2019-04-11 07:24:43.851784,CHILDINC3,FieldType.STRING,,<null>,1582.0,,,1.0
EXITDEATHS,02,2019-04-11 07:24:43.851784,CHILDINC4,FieldType.STRING,,<null>,1582.0,,,1.0
EXITDEATHS,02,2019-04-11 07:24:43.851784,CHILDINCDATE,FieldType.STRING,,<null>,1582.0,,,1.0
EXITDEATHS,02,2019-04-11 07:24:43.851784,CHILDPENSION,FieldType.STRING,,<null>,1582.0,,,1.0
EXITDEATHS,02,2019-04-11 07:24:43.851784,CHILDPENSIONPAYABLE,FieldType.STRING,,<null>,1582.0,,,1.0
EXITDEATHS,02,2019-04-11 07:24:43.851784,DATEAVCREFUND,FieldType.STRING,,<null>,1582.0,,,1.0
EXITDEATHS,02,2019-04-11 07:24:43.851784,DATECASHPAID,FieldType.STRING,,<null>,1582.0,,,1.0
EXITDEATHS,02,2019-04-11 07:24:43.851784,EXITDATE,FieldType.STRING,,31/12/2017,1582.0,,,4.0
EXITDEATHS,02,2019-04-11 07:24:43.851784,EXITTYPE,FieldType.STRING,,In Service,1582.0,,,1.0
EXITDEATHS,02,2019-04-11 07:24:43.851784,FPSEXIT,FieldType.STRING,,<null>,1582.0,,,1.0
EXITDEATHS,02,2019-04-11 07:24:43.851784,ID,FieldType.STRING,,999,1582.0,,,1.0
EXITDEATHS,02,2019-04-11 07:24:43.851784,LTA,FieldType.STRING,,<null>,1582.0,,,1.0
EXITDEATHS,02,2019-04-11 07:24:43.851784,LUMPSUM,FieldType.STRING,,<null>,1582.0,,,777.0
EXITDEATHS,02,2019-04-11 07:24:43.851784,MARITALSTATUS,FieldType.STRING,,Widowed,1582.0,,,1.0
EXITDEATHS,02,2019-04-11 07:24:43.851784,MEMNO,FieldType.STRING,,75557,1582.0,,,1.0
EXITDEATHS,02,2019-04-11 07:24:43.851784,NOCHILDREN,FieldType.STRING,,<null>,1582.0,,,1.0
EXITDEATHS,02,2019-04-11 07:24:43.851784,NOPERIODS,FieldType.STRING,,<null>,1582.0,,,644.0
EXITDEATHS,02,2019-04-11 07:24:43.851784,PAYMENTPAYEE,FieldType.STRING,,Triv commutation,1582.0,,,1.0
EXITDEATHS,02,2019-04-11 07:24:43.851784,PENSERYEARS,FieldType.STRING,,<null>,1582.0,,,779.0
EXITDEATHS,02,2019-04-11 07:24:43.851784,SERVPERIODS,FieldType.STRING,,Days,1582.0,,,1.0
EXITDEATHS,02,2019-04-11 07:24:43.851784,SKEMCONTREFUND,FieldType.STRING,,<null>,1582.0,,,1.0
EXITDEATHS,02,2019-04-11 07:24:43.851784,SPOUSEDATECEASE,FieldType.STRING,,<null>,1582.0,,,1.0
EXITDEATHS,02,2019-04-11 07:24:43.851784,SPOUSEDATECOMMENCED,FieldType.STRING,,<null>,1582.0,,,1.0
EXITDEATHS,02,2019-04-11 07:24:43.851784,SPOUSEINC1,FieldType.STRING,,<null>,1582.0,,,1.0
EXITDEATHS,02,2019-04-11 07:24:43.851784,SPOUSEINC2,FieldType.STRING,,<null>,1582.0,,,1.0
EXITDEATHS,02,2019-04-11 07:24:43.851784,SPOUSEINC3,FieldType.STRING,,<null>,1582.0,,,1.0
EXITDEATHS,02,2019-04-11 07:24:43.851784,SPOUSEINC4,FieldType.STRING,,<null>,1582.0,,,1.0
EXITDEATHS,02,2019-04-11 07:24:43.851784,SPOUSEINCDATE,FieldType.STRING,,<null>,1582.0,,,1.0
EXITDEATHS,02,2019-04-11 07:24:43.851784,SPOUSEPENSION,FieldType.STRING,,<null>,1582.0,,,1.0
EXITDEATHS,02,2019-04-11 07:24:43.851784,SPOUSEPENSIONPAYABLE,FieldType.STRING,,<null>,1582.0,,,1.0
EXITDEATHS,02,2019-04-11 07:24:43.851784,SPOUSEPENSIONSTARTED,FieldType.STRING,,<null>,1582.0,,,1.0
EXITDEATHS,02,2019-04-11 07:24:43.851784,STATUS,FieldType.STRING,,99,1582.0,,,1.0
EXITDEATHS,02,2019-04-11 07:24:43.851784,STATUSDATE,FieldType.STRING,,<null>,1582.0,,,1.0
EXITDEATHS,02,2019-04-11 07:24:43.851784,TAXLUMPSUM,FieldType.STRING,,<null>,1582.0,,,
EXITDEFERREDS,02,2019-04-11 07:24:45.486996,AVCFUND,FieldType.STRING,0,SCHEME=BAR,11209.0,1.0,,1.0
EXITDEFERREDS,02,2019-04-11 07:24:45.486996,CASHELEMENT1,FieldType.STRING,0,<null>,11209.0,1.0,,14.0
EXITDEFERREDS,02,2019-04-11 07:24:45.486996,CASHELEMENT2,FieldType.STRING,0,<null>,11209.0,1.0,,3573.0
EXITDEFERREDS,02,2019-04-11 07:24:45.486996,CHILDINC1,FieldType.STRING,0,<null>,11209.0,1.0,,286.0
EXITDEFERREDS,02,2019-04-11 07:24:45.486996,CHILDINC2,FieldType.STRING,0,<null>,11209.0,1.0,,11208.0
EXITDEFERREDS,02,2019-04-11 07:24:45.486996,CHILDINC3,FieldType.STRING,0,<null>,11209.0,1.0,,
EXITDEFERREDS,02,2019-04-11 07:24:45.486996,CHILDINC4,FieldType.STRING,0,<null>,11209.0,1.0,,
EXITDEFERREDS,02,2019-04-11 07:24:45.486996,CHILDPENSION,FieldType.STRING,0,<null>,11209.0,1.0,,
EXITDEFERREDS,02,2019-04-11 07:24:45.486996,CHILDPENSIONPAYABLE,FieldType.STRING,01/01/1996,<null>,11209.0,1.0,,
EXITDEFERREDS,02,2019-04-11 07:24:45.486996,DATEAVC,FieldType.STRING,<null>,<null>,11209.0,1.0,,
EXITDEFERREDS,02,2019-04-11 07:24:45.486996,DATERETAINED,FieldType.STRING,0,<null>,11209.0,1.0,,
EXITDEFERREDS,02,2019-04-11 07:24:45.486996,ELEMENT1,FieldType.STRING,-149.87,<null>,11209.0,1.0,,
EXITDEFERREDS,02,2019-04-11 07:24:45.486996,ELEMENT2,FieldType.STRING,0,<null>,11209.0,1.0,,
EXITDEFERREDS,02,2019-04-11 07:24:45.486996,ELEMENT3,FieldType.STRING,0,<null>,11209.0,1.0,,
EXITDEFERREDS,02,2019-04-11 07:24:45.486996,ELEMENT4,FieldType.STRING,01/01/1977,<null>,11209.0,1.0,,
EXITDEFERREDS,02,2019-04-11 07:24:45.486996,EXITDATE,FieldType.STRING,0,31/12/2012,11209.0,1.0,,
EXITDEFERREDS,02,2019-04-11 07:24:45.486996,EXITTYPE,FieldType.STRING,0,Qualified Deferreds,11209.0,1.0,,
EXITDEFERREDS,02,2019-04-11 07:24:45.486996,FINALREMUN,FieldType.STRING,10000,<null>,11209.0,1.0,,
EXITDEFERREDS,02,2019-04-11 07:24:45.486996,FPSEXIT,FieldType.STRING,-0.96,<null>,11209.0,1.0,,
EXITDEFERREDS,02,2019-04-11 07:24:45.486996,ID,FieldType.STRING,-1.97,9999,11209.0,1.0,,
EXITDEFERREDS,02,2019-04-11 07:24:45.486996,IRMAXCASH,FieldType.STRING,18654,<null>,11209.0,1.0,,
EXITDEFERREDS,02,2019-04-11 07:24:45.486996,IRMAXPENSION,FieldType.STRING,-364,<null>,11209.0,1.0,,
EXITDEFERREDS,02,2019-04-11 07:24:45.486996,IRREGIME,FieldType.STRING,0,<null>,11209.0,1.0,,
EXITDEFERREDS,02,2019-04-11 07:24:45.486996,MEMNO,FieldType.STRING,0,75588,11209.0,1.0,,
EXITDEFERREDS,02,2019-04-11 07:24:45.486996,NOPERIODS,FieldType.STRING,0,<null>,11209.0,1.0,,
EXITDEFERREDS,02,2019-04-11 07:24:45.486996,OPTOUT,FieldType.STRING,0,<null>,11209.0,1.0,,
EXITDEFERREDS,02,2019-04-11 07:24:45.486996,PENATPENAGE,FieldType.STRING,0,<null>,11209.0,1.0,,
EXITDEFERREDS,02,2019-04-11 07:24:45.486996,PENSERYEARS,FieldType.STRING,0,<null>,11209.0,1.0,,
EXITDEFERREDS,02,2019-04-11 07:24:45.486996,QUOTEDTV,FieldType.STRING,0,<null>,11209.0,1.0,,
EXITDEFERREDS,02,2019-04-11 07:24:45.486996,RETAINEDCASH,FieldType.STRING,0,<null>,11209.0,1.0,,
EXITDEFERREDS,02,2019-04-11 07:24:45.486996,RETAINEDPENSION,FieldType.STRING,0,<null>,11209.0,1.0,,
EXITDEFERREDS,02,2019-04-11 07:24:45.486996,SCALEPENSION,FieldType.STRING,0,<null>,11209.0,1.0,,
EXITDEFERREDS,02,2019-04-11 07:24:45.486996,SCHEMECASH,FieldType.STRING,0,<null>,11209.0,1.0,,
EXITDEFERREDS,02,2019-04-11 07:24:45.486996,SERVPERIODS,FieldType.STRING,0,Months,11209.0,1.0,,
EXITDEFERREDS,02,2019-04-11 07:24:45.486996,SPOUSEINC1,FieldType.STRING,0,<null>,11209.0,1.0,,
EXITDEFERREDS,02,2019-04-11 07:24:45.486996,SPOUSEINC2,FieldType.STRING,0,<null>,11209.0,1.0,,
EXITDEFERREDS,02,2019-04-11 07:24:45.486996,SPOUSEINC3,FieldType.STRING,15,<null>,11209.0,1.0,,
EXITDEFERREDS,02,2019-04-11 07:24:45.486996,SPOUSEINC4,FieldType.STRING,01/01/1973,<null>,11209.0,1.0,,
EXITDEFERREDS,02,2019-04-11 07:24:45.486996,SPOUSEPENSION,FieldType.STRING,0,<null>,11209.0,1.0,,
EXITDEFERREDS,02,2019-04-11 07:24:45.486996,SPOUSEPENSIONPAYABLE,FieldType.STRING,0,<null>,11209.0,1.0,,
EXITDEFERREDS,02,2019-04-11 07:24:45.486996,STATUS,FieldType.STRING,<null>,89,11209.0,1.0,,
EXITDEFERREDS,02,2019-04-11 07:24:45.486996,STATUSDATE,FieldType.STRING,0,31/12/2012,11209.0,1.0,,
EXITDEFERREDS,02,2019-04-11 07:24:45.486996,TOTAVCSEXIT,FieldType.STRING,,<null>,11209.0,1.0,,
EXITDEFERREDS,02,2019-04-11 07:24:45.486996,TOTEECONTSEXIT,FieldType.STRING,,<null>,11209.0,1.0,,
EXITDEFERREDS,02,2019-04-11 07:24:45.486996,TVEXPIRES,FieldType.STRING,,<null>,11209.0,1.0,,
EXITDEFERREDS,02,2019-04-11 07:24:45.486996,UNAUTHORISEDPAYMENTS,FieldType.STRING,,<null>,11209.0,,,
EXITDEFERREDS,02,2019-04-11 07:24:45.486996,Column47,FieldType.STRING,,,11209.0,,,
EXITREFUNDS,02,2019-04-11 07:24:46.480371,AVCREFUND,FieldType.STRING,0,SCHEME=BAR,6101.0,1.0,,1.0
EXITREFUNDS,02,2019-04-11 07:24:46.480371,DATEAVCREFUND,FieldType.STRING,01/01/2001,<null>,6101.0,1.0,,28.0
EXITREFUNDS,02,2019-04-11 07:24:46.480371,DATENETREFUND,FieldType.STRING,11/06/2008,<null>,6101.0,1.0,,24.0
EXITREFUNDS,02,2019-04-11 07:24:46.480371,DATETAXPAID,FieldType.STRING,01/01/1982,<null>,6101.0,1.0,,6100.0
EXITREFUNDS,02,2019-04-11 07:24:46.480371,EXITDATE,FieldType.STRING,0,31/12/2008,6101.0,1.0,,
EXITREFUNDS,02,2019-04-11 07:24:46.480371,EXITTYPE,FieldType.STRING,0,Refund,6101.0,1.0,,
EXITREFUNDS,02,2019-04-11 07:24:46.480371,GROSSAVCINC,FieldType.STRING,0,<null>,6101.0,1.0,,
EXITREFUNDS,02,2019-04-11 07:24:46.480371,GROSSINT,FieldType.STRING,10000,<null>,6101.0,1.0,,
EXITREFUNDS,02,2019-04-11 07:24:46.480371,GROSSREFUND,FieldType.STRING,18655,<null>,6101.0,1.0,,
EXITREFUNDS,02,2019-04-11 07:24:46.480371,ID,FieldType.STRING,-1.58,9999,6101.0,1.0,,
EXITREFUNDS,02,2019-04-11 07:24:46.480371,MEMNO,FieldType.STRING,0,75044,6101.0,1.0,,
EXITREFUNDS,02,2019-04-11 07:24:46.480371,NETREFUND,FieldType.STRING,0,<null>,6101.0,1.0,,
EXITREFUNDS,02,2019-04-11 07:24:46.480371,NOPERIODS,FieldType.STRING,0,99,6101.0,1.0,,
EXITREFUNDS,02,2019-04-11 07:24:46.480371,OPTOUT,FieldType.STRING,30/12/1899,<null>,6101.0,1.0,,
EXITREFUNDS,02,2019-04-11 07:24:46.480371,PENSERYEARS,FieldType.STRING,0,8,6101.0,1.0,,
EXITREFUNDS,02,2019-04-11 07:24:46.480371,SERVPERIODS,FieldType.STRING,0,Months,6101.0,1.0,,
EXITREFUNDS,02,2019-04-11 07:24:46.480371,SPAREDATE1,FieldType.STRING,15,<null>,6101.0,1.0,,
EXITREFUNDS,02,2019-04-11 07:24:46.480371,SPARENUM1,FieldType.STRING,01/01/1982,<null>,6101.0,1.0,,
EXITREFUNDS,02,2019-04-11 07:24:46.480371,SPARENUM2,FieldType.STRING,-0.4,<null>,6101.0,1.0,,
EXITREFUNDS,02,2019-04-11 07:24:46.480371,STATUS,FieldType.STRING,0,5,6101.0,1.0,,
EXITREFUNDS,02,2019-04-11 07:24:46.480371,STATUSDATE,FieldType.STRING,,31/12/2008,6101.0,1.0,,
EXITREFUNDS,02,2019-04-11 07:24:46.480371,TAXDEDUCTION,FieldType.STRING,,<null>,6101.0,1.0,,
EXITREFUNDS,02,2019-04-11 07:24:46.480371,TAXINT,FieldType.STRING,,<null>,6101.0,,,
EXITREFUNDS,02,2019-04-11 07:24:46.480371,Column24,FieldType.STRING,,,6101.0,,,
EXITRETIREMENT,02,2019-04-11 07:24:47.783757,AVCCASH,FieldType.STRING,0,SCHEME=BAR,6117.0,1.0,,1.0
EXITRETIREMENT,02,2019-04-11 07:24:47.783757,AVCCASHLTA,FieldType.STRING,0,<null>,6117.0,1.0,,2643.0
EXITRETIREMENT,02,2019-04-11 07:24:47.783757,AVCPENSION,FieldType.STRING,0,<null>,6117.0,1.0,,308.0
EXITRETIREMENT,02,2019-04-11 07:24:47.783757,AVCPENSIONLTA,FieldType.STRING,01/01/2012,<null>,6117.0,1.0,,2530.0
EXITRETIREMENT,02,2019-04-11 07:24:47.783757,BCEDATE,FieldType.STRING,0,<null>,6117.0,1.0,,6116.0
EXITRETIREMENT,02,2019-04-11 07:24:47.783757,CASHSUM,FieldType.STRING,<null>,<null>,6117.0,1.0,,
EXITRETIREMENT,02,2019-04-11 07:24:47.783757,CHILDINCDATE,FieldType.STRING,<null>,<null>,6117.0,1.0,,
EXITRETIREMENT,02,2019-04-11 07:24:47.783757,CHILDPENSION,FieldType.STRING,<null>,<null>,6117.0,1.0,,
EXITRETIREMENT,02,2019-04-11 07:24:47.783757,CHILDPENSIONPAYABLE,FieldType.STRING,-1.13686837721616E-12,<null>,6117.0,1.0,,
EXITRETIREMENT,02,2019-04-11 07:24:47.783757,CURRPENINPAY,FieldType.STRING,01/10/2007,<null>,6117.0,1.0,,
EXITRETIREMENT,02,2019-04-11 07:24:47.783757,DATEAVC,FieldType.STRING,01/01/1995,<null>,6117.0,1.0,,
EXITRETIREMENT,02,2019-04-11 07:24:47.783757,DATECASHSUM,FieldType.STRING,01/01/1961,<null>,6117.0,1.0,,
EXITRETIREMENT,02,2019-04-11 07:24:47.783757,DATECOMMENCED,FieldType.STRING,0,<null>,6117.0,1.0,,
EXITRETIREMENT,02,2019-04-11 07:24:47.783757,DEATHINRET,FieldType.STRING,0,<null>,6117.0,1.0,,
EXITRETIREMENT,02,2019-04-11 07:24:47.783757,EARLYRETCOVER,FieldType.STRING,01/01/1966,<null>,6117.0,1.0,,
EXITRETIREMENT,02,2019-04-11 07:24:47.783757,EXITDATE,FieldType.STRING,Dependant in Payment,<null>,6117.0,1.0,,
EXITRETIREMENT,02,2019-04-11 07:24:47.783757,EXITTYPE,FieldType.STRING,0,PRS Normal Retirement,6117.0,1.0,,
EXITRETIREMENT,02,2019-04-11 07:24:47.783757,FINALREMUN,FieldType.STRING,0,<null>,6117.0,1.0,,
EXITRETIREMENT,02,2019-04-11 07:24:47.783757,FPSEXIT,FieldType.STRING,3346,<null>,6117.0,1.0,,
EXITRETIREMENT,02,2019-04-11 07:24:47.783757,ID,FieldType.STRING,0,9595,6117.0,1.0,,
EXITRETIREMENT,02,2019-04-11 07:24:47.783757,INITGROSSPENSION,FieldType.STRING,0,9997.51,6117.0,1.0,,
EXITRETIREMENT,02,2019-04-11 07:24:47.783757,INITPOSTCASHPENSION,FieldType.STRING,0,<null>,6117.0,1.0,,
EXITRETIREMENT,02,2019-04-11 07:24:47.783757,IRMAXCASH,FieldType.STRING,0,<null>,6117.0,1.0,,
EXITRETIREMENT,02,2019-04-11 07:24:47.783757,IRMAXPENSION,FieldType.STRING,0,<null>,6117.0,1.0,,
EXITRETIREMENT,02,2019-04-11 07:24:47.783757,IRREGIME,FieldType.STRING,18658,<null>,6117.0,1.0,,
EXITRETIREMENT,02,2019-04-11 07:24:47.783757,LTACHARGE,FieldType.STRING,0,<null>,6117.0,1.0,,
EXITRETIREMENT,02,2019-04-11 07:24:47.783757,MEMNO,FieldType.STRING,<null>,75603,6117.0,1.0,,
EXITRETIREMENT,02,2019-04-11 07:24:47.783757,NOPERIODS,FieldType.STRING,<null>,<null>,6117.0,1.0,,
EXITRETIREMENT,02,2019-04-11 07:24:47.783757,NRD,FieldType.STRING,0,<null>,6117.0,1.0,,
EXITRETIREMENT,02,2019-04-11 07:24:47.783757,PARTIALRETIREMENT,FieldType.STRING,0,N,6117.0,1.0,,
EXITRETIREMENT,02,2019-04-11 07:24:47.783757,PENSERYEARS,FieldType.STRING,0,<null>,6117.0,1.0,,
EXITRETIREMENT,02,2019-04-11 07:24:47.783757,PENSIONLTA,FieldType.STRING,0,<null>,6117.0,1.0,,
EXITRETIREMENT,02,2019-04-11 07:24:47.783757,PINC1,FieldType.STRING,0,<null>,6117.0,1.0,,
EXITRETIREMENT,02,2019-04-11 07:24:47.783757,PINC2,FieldType.STRING,0,<null>,6117.0,1.0,,
EXITRETIREMENT,02,2019-04-11 07:24:47.783757,PINC3,FieldType.STRING,0,<null>,6117.0,1.0,,
EXITRETIREMENT,02,2019-04-11 07:24:47.783757,PINC4,FieldType.STRING,<null>,<null>,6117.0,1.0,,
EXITRETIREMENT,02,2019-04-11 07:24:47.783757,REASON,FieldType.STRING,01/01/2003,Trivial Commutation,6117.0,1.0,,
EXITRETIREMENT,02,2019-04-11 07:24:47.783757,SCHEMECASHLTA,FieldType.STRING,0,<null>,6117.0,1.0,,
EXITRETIREMENT,02,2019-04-11 07:24:47.783757,SERVPERIODS,FieldType.STRING,0,Years,6117.0,1.0,,
EXITRETIREMENT,02,2019-04-11 07:24:47.783757,SPAD,FieldType.STRING,0,<null>,6117.0,1.0,,
EXITRETIREMENT,02,2019-04-11 07:24:47.783757,SPAREDATE1,FieldType.STRING,0,<null>,6117.0,1.0,,
EXITRETIREMENT,02,2019-04-11 07:24:47.783757,SPAREELEMENT1,FieldType.STRING,0,<null>,6117.0,1.0,,
EXITRETIREMENT,02,2019-04-11 07:24:47.783757,SPAREELEMENT2,FieldType.STRING,0,<null>,6117.0,1.0,,
EXITRETIREMENT,02,2019-04-11 07:24:47.783757,SPOUSEINC1,FieldType.STRING,<null>,<null>,6117.0,1.0,,
EXITRETIREMENT,02,2019-04-11 07:24:47.783757,SPOUSEINC2,FieldType.STRING,0,<null>,6117.0,1.0,,
EXITRETIREMENT,02,2019-04-11 07:24:47.783757,SPOUSEINC3,FieldType.STRING,0,<null>,6117.0,1.0,,
EXITRETIREMENT,02,2019-04-11 07:24:47.783757,SPOUSEINC4,FieldType.STRING,0,<null>,6117.0,1.0,,
EXITRETIREMENT,02,2019-04-11 07:24:47.783757,SPOUSEINCDATE,FieldType.STRING,01/01/1961,<null>,6117.0,1.0,,
EXITRETIREMENT,02,2019-04-11 07:24:47.783757,SPOUSEPENSION,FieldType.STRING,0,<null>,6117.0,1.0,,
EXITRETIREMENT,02,2019-04-11 07:24:47.783757,SPOUSEPENSIONPAYABLE,FieldType.STRING,0,<null>,6117.0,1.0,,
EXITRETIREMENT,02,2019-04-11 07:24:47.783757,STATUS,FieldType.STRING,0,99,6117.0,1.0,,
EXITRETIREMENT,02,2019-04-11 07:24:47.783757,STATUSDATE,FieldType.STRING,,<null>,6117.0,1.0,,
EXITRETIREMENT,02,2019-04-11 07:24:47.783757,TAXAVCCASH,FieldType.STRING,,<null>,6117.0,1.0,,
EXITRETIREMENT,02,2019-04-11 07:24:47.783757,TAXSCHEMECASH,FieldType.STRING,,<null>,6117.0,1.0,,
EXITRETIREMENT,02,2019-04-11 07:24:47.783757,UNAUTHORISEDPAYMENTS,FieldType.STRING,,<null>,6117.0,,,
EXITRETIREMENT,02,2019-04-11 07:24:47.783757,Column56,FieldType.STRING,,,6117.0,,,
LOOKUPS,02,2019-04-11 07:24:48.372633,BCAT,FieldType.STRING,100th NRA 60,SCHEME=BAR,6860.0,,,5.0
LOOKUPS,02,2019-04-11 07:24:48.372633,COMPNAME,FieldType.STRING,,tbUserFields,6860.0,,,496.0
LOOKUPS,02,2019-04-11 07:24:48.372633,DEFAULTVALUE,FieldType.STRING,,<null>,6860.0,,,1.0
LOOKUPS,02,2019-04-11 07:24:48.372633,DP,FieldType.STRING,,<null>,6860.0,,,242.0
LOOKUPS,02,2019-04-11 07:24:48.372633,FIELD,FieldType.STRING,,doelp,6860.0,,,1.0
LOOKUPS,02,2019-04-11 07:24:48.372633,FIELDINDEX,FieldType.STRING,,<null>,6860.0,,,381.0
LOOKUPS,02,2019-04-11 07:24:48.372633,FTYPE,FieldType.STRING,,O,6860.0,,,1.0
LOOKUPS,02,2019-04-11 07:24:48.372633,ID,FieldType.STRING,,9477,6860.0,,,15.0
LOOKUPS,02,2019-04-11 07:24:48.372633,LDESC,FieldType.STRING,,various reports,6860.0,,,1.0
LOOKUPS,02,2019-04-11 07:24:48.372633,LEN,FieldType.STRING,,<null>,6860.0,,,3.0
LOOKUPS,02,2019-04-11 07:24:48.372633,LFIELD,FieldType.STRING,,vwPayElements,6860.0,,,1.0
LOOKUPS,02,2019-04-11 07:24:48.372633,LOOKTYPE,FieldType.STRING,,V,6860.0,,,496.0
LOOKUPS,02,2019-04-11 07:24:48.372633,MANDATORY,FieldType.STRING,,S,6860.0,,,1.0
LOOKUPS,02,2019-04-11 07:24:48.372633,POSX,FieldType.STRING,,<null>,6860.0,,,1.0
LOOKUPS,02,2019-04-11 07:24:48.372633,POSY,FieldType.STRING,,<null>,6860.0,,,1.0
LOOKUPS,02,2019-04-11 07:24:48.372633,SCHEME,FieldType.STRING,,CLIENT,6860.0,,,14.0
LOOKUPS,02,2019-04-11 07:24:48.372633,SDESC,FieldType.STRING,,version,6860.0,,,1.0
LOOKUPS,02,2019-04-11 07:24:48.372633,WIDTH,FieldType.STRING,,Addt Service,6860.0,,,6858.0
LOOKUPS,02,2019-04-11 07:24:48.372633,Column19,FieldType.STRING,, No Spouse,6860.0,,,6858.0
LOOKUPS,02,2019-04-11 07:24:48.372633,Column20,FieldType.STRING,,<null>,6860.0,,,
MEMBERS,02,2019-04-11 07:24:51.579686,AVMLI,FieldType.STRING,<null>,SCHEME=BAR,19539.0,,,1.0
MEMBERS,02,2019-04-11 07:24:51.579686,BCAT,FieldType.STRING,,millenium,19539.0,,,1.0
MEMBERS,02,2019-04-11 07:24:51.579686,CA,FieldType.STRING,,<null>,19539.0,,,1.0
MEMBERS,02,2019-04-11 07:24:51.579686,CCLEFFDATE,FieldType.STRING,,<null>,19539.0,,,1.0
MEMBERS,02,2019-04-11 07:24:51.579686,CEP,FieldType.STRING,,<null>,19539.0,,,1.0
MEMBERS,02,2019-04-11 07:24:51.579686,CEPDATE,FieldType.STRING,,<null>,19539.0,,,1.0
MEMBERS,02,2019-04-11 07:24:51.579686,COEGIND,FieldType.STRING,,<null>,19539.0,,,142.0
MEMBERS,02,2019-04-11 07:24:51.579686,COMP,FieldType.STRING,,UR Ireland,19539.0,,,273.0
MEMBERS,02,2019-04-11 07:24:51.579686,CSTA,FieldType.STRING,,Not C/O,19539.0,,,1.0
MEMBERS,02,2019-04-11 07:24:51.579686,DCE,FieldType.STRING,,<null>,19539.0,,,1.0
MEMBERS,02,2019-04-11 07:24:51.579686,DCSTA,FieldType.STRING,,<null>,19539.0,,,1.0
MEMBERS,02,2019-04-11 07:24:51.579686,DEPENDANTID,FieldType.STRING,,<null>,19539.0,,,144.0
MEMBERS,02,2019-04-11 07:24:51.579686,DEPT,FieldType.STRING,,Unknown,19539.0,,,1.0
MEMBERS,02,2019-04-11 07:24:51.579686,DISINVEST,FieldType.STRING,,<null>,19539.0,,,1.0
MEMBERS,02,2019-04-11 07:24:51.579686,DJC,FieldType.STRING,,<null>,19539.0,,,1.0
MEMBERS,02,2019-04-11 07:24:51.579686,DJS,FieldType.STRING,,<null>,19539.0,,,1.0
MEMBERS,02,2019-04-11 07:24:51.579686,DNOMS,FieldType.STRING,,<null>,19539.0,,,1.0
MEMBERS,02,2019-04-11 07:24:51.579686,DOELL,FieldType.STRING,,<null>,19539.0,,,1.0
MEMBERS,02,2019-04-11 07:24:51.579686,DOELP,FieldType.STRING,,<null>,19539.0,,,1.0
MEMBERS,02,2019-04-11 07:24:51.579686,DOL,FieldType.STRING,,<null>,19539.0,,,1.0
MEMBERS,02,2019-04-11 07:24:51.579686,EDINITSKC,FieldType.STRING,,<null>,19539.0,,,1.0
MEMBERS,02,2019-04-11 07:24:51.579686,ELECTEDYEAR,FieldType.STRING,,<null>,19539.0,,,1.0
MEMBERS,02,2019-04-11 07:24:51.579686,FINREMUN,FieldType.STRING,,<null>,19539.0,,,1.0
MEMBERS,02,2019-04-11 07:24:51.579686,FMIND,FieldType.STRING,,<null>,19539.0,,,2555.0
MEMBERS,02,2019-04-11 07:24:51.579686,HCARE,FieldType.STRING,,Unknown,19539.0,,,1.0
MEMBERS,02,2019-04-11 07:24:51.579686,INITSKC,FieldType.STRING,,<null>,19539.0,,,1.0
MEMBERS,02,2019-04-11 07:24:51.579686,IRREGIME,FieldType.STRING,,<null>,19539.0,,,1.0
MEMBERS,02,2019-04-11 07:24:51.579686,IRYEAR,FieldType.STRING,,<null>,19539.0,,,1.0
MEMBERS,02,2019-04-11 07:24:51.579686,LAMULT,FieldType.STRING,,<null>,19539.0,,,2555.0
MEMBERS,02,2019-04-11 07:24:51.579686,LATYPE,FieldType.STRING,,<null>,19539.0,,,144.0
MEMBERS,02,2019-04-11 07:24:51.579686,LOC,FieldType.STRING,,head office,19539.0,,,1.0
MEMBERS,02,2019-04-11 07:24:51.579686,LRP,FieldType.STRING,,<null>,19539.0,,,1.0
MEMBERS,02,2019-04-11 07:24:51.579686,LRPDATE,FieldType.STRING,,<null>,19539.0,,,1.0
MEMBERS,02,2019-04-11 07:24:51.579686,LTA,FieldType.STRING,,<null>,19539.0,,,1.0
MEMBERS,02,2019-04-11 07:24:51.579686,MEMNO,FieldType.STRING,,75603,19539.0,,,1.0
MEMBERS,02,2019-04-11 07:24:51.579686,MLI,FieldType.STRING,,<null>,19539.0,,,1.0
MEMBERS,02,2019-04-11 07:24:51.579686,NOMFORM,FieldType.STRING,,Y,19539.0,,,1.0
MEMBERS,02,2019-04-11 07:24:51.579686,NRD,FieldType.STRING,,<null>,19539.0,,,1.0
MEMBERS,02,2019-04-11 07:24:51.579686,PARTIALDATE,FieldType.STRING,,<null>,19539.0,,,1.0
MEMBERS,02,2019-04-11 07:24:51.579686,PARTIALLEAVER,FieldType.STRING,,N,19539.0,,,106.0
MEMBERS,02,2019-04-11 07:24:51.579686,PAYROLL,FieldType.STRING,,Pay 7,19539.0,,,3749.0
MEMBERS,02,2019-04-11 07:24:51.579686,PENSIONNO,FieldType.STRING,,xxxx,19539.0,,,1.0
MEMBERS,02,2019-04-11 07:24:51.579686,PEOPLEID,FieldType.STRING,,36765,19539.0,,,25.0
MEMBERS,02,2019-04-11 07:24:51.579686,PERSNO,FieldType.STRING,,x,19539.0,,,2397.0
MEMBERS,02,2019-04-11 07:24:51.579686,PHIMEM,FieldType.STRING,,Y,19539.0,,,2555.0
MEMBERS,02,2019-04-11 07:24:51.579686,PHISTATUS,FieldType.STRING,,Unknown,19539.0,,,2583.0
MEMBERS,02,2019-04-11 07:24:51.579686,PINNO,FieldType.STRING,,<null>,19539.0,,,1.0
MEMBERS,02,2019-04-11 07:24:51.579686,PRFLAG,FieldType.STRING,,<null>,19539.0,,,1.0
MEMBERS,02,2019-04-11 07:24:51.579686,PSERVST,FieldType.STRING,,<null>,19539.0,,,3930.0
MEMBERS,02,2019-04-11 07:24:51.579686,RDIND,FieldType.STRING,,RD655 ,19539.0,,,1.0
MEMBERS,02,2019-04-11 07:24:51.579686,REDUCEDANNUALALLOWANCE,FieldType.STRING,,FALSE,19539.0,,,1.0
MEMBERS,02,2019-04-11 07:24:51.579686,RETBENDATE,FieldType.STRING,,<null>,19539.0,,,1.0
MEMBERS,02,2019-04-11 07:24:51.579686,RETCASH,FieldType.STRING,,<null>,19539.0,,,1.0
MEMBERS,02,2019-04-11 07:24:51.579686,RETPEN,FieldType.STRING,,<null>,19539.0,,,1.0
MEMBERS,02,2019-04-11 07:24:51.579686,SECURITYLEVEL,FieldType.STRING,,<null>,19539.0,,,1.0
MEMBERS,02,2019-04-11 07:24:51.579686,SKEM,FieldType.STRING,,BAR,19539.0,,,13997.0
MEMBERS,02,2019-04-11 07:24:51.579686,SPARECHAR1,FieldType.STRING,,test,19539.0,,,2523.0
MEMBERS,02,2019-04-11 07:24:51.579686,SPARECHAR2,FieldType.STRING,,Y,19539.0,,,1.0
MEMBERS,02,2019-04-11 07:24:51.579686,SPAREDATE1,FieldType.STRING,,<null>,19539.0,,,1.0
MEMBERS,02,2019-04-11 07:24:51.579686,SPAREDATE2,FieldType.STRING,,<null>,19539.0,,,1.0
MEMBERS,02,2019-04-11 07:24:51.579686,SPAREDATE3,FieldType.STRING,,<null>,19539.0,,,1.0
MEMBERS,02,2019-04-11 07:24:51.579686,SPAREDATE4,FieldType.STRING,,<null>,19539.0,,,1.0
MEMBERS,02,2019-04-11 07:24:51.579686,SPARENUM1,FieldType.STRING,,<null>,19539.0,,,1.0
MEMBERS,02,2019-04-11 07:24:51.579686,SPARENUM2,FieldType.STRING,,<null>,19539.0,,,1.0
MEMBERS,02,2019-04-11 07:24:51.579686,SPARENUM3,FieldType.STRING,,<null>,19539.0,,,1.0
MEMBERS,02,2019-04-11 07:24:51.579686,SSTA,FieldType.STRING,,99,19539.0,,,1.0
MEMBERS,02,2019-04-11 07:24:51.579686,STATED,FieldType.STRING,,<null>,19539.0,,,1.0
MEMBERS,02,2019-04-11 07:24:51.579686,TARGDAT,FieldType.STRING,,<null>,19539.0,,,1.0
MEMBERS,02,2019-04-11 07:24:51.579686,TPDATE,FieldType.STRING,,<null>,19539.0,,,1.0
MEMBERS,02,2019-04-11 07:24:51.579686,TPEFFDATE,FieldType.STRING,,<null>,19539.0,,,1.0
MEMBERS,02,2019-04-11 07:24:51.579686,TPNRMONTH,FieldType.STRING,,<null>,19539.0,,,1.0
MEMBERS,02,2019-04-11 07:24:51.579686,TPTAXYEAR,FieldType.STRING,,<null>,19539.0,,,
PENINCREASES,02,2019-04-11 07:24:55.048398,AMOUNT,FieldType.STRING,0,SCHEME=BAR,124832.0,1.0,,1.0
PENINCREASES,02,2019-04-11 07:24:55.048398,CASH,FieldType.STRING,<null>,<null>,124832.0,1.0,,124831.0
PENINCREASES,02,2019-04-11 07:24:55.048398,DATEEFFECTIVE,FieldType.STRING,618,<null>,124832.0,1.0,,
PENINCREASES,02,2019-04-11 07:24:55.048398,ELEMENTID,FieldType.STRING,3347,935,124832.0,1.0,,
PENINCREASES,02,2019-04-11 07:24:55.048398,EXITID,FieldType.STRING,2,<null>,124832.0,1.0,,
PENINCREASES,02,2019-04-11 07:24:55.048398,EXITTYPE,FieldType.STRING,0,2,124832.0,1.0,,
PENINCREASES,02,2019-04-11 07:24:55.048398,GROUPID,FieldType.STRING,1,<null>,124832.0,1.0,,
PENINCREASES,02,2019-04-11 07:24:55.048398,ID,FieldType.STRING,01/01/1972,99999,124832.0,1.0,,
PENINCREASES,02,2019-04-11 07:24:55.048398,INCDATE,FieldType.STRING,1,31/12/2016,124832.0,1.0,,
PENINCREASES,02,2019-04-11 07:24:55.048398,ITEMNO,FieldType.STRING,<null>,7,124832.0,1.0,,
PENINCREASES,02,2019-04-11 07:24:55.048398,LTA,FieldType.STRING,18658,<null>,124832.0,1.0,,
PENINCREASES,02,2019-04-11 07:24:55.048398,MEMNO,FieldType.STRING,,75603,124832.0,,,
PENINCREASES,02,2019-04-11 07:24:55.048398,Column13,FieldType.STRING,,,124832.0,,,
PEOPLE,02,2019-04-11 07:24:57.027674,ADDRESS,FieldType.STRING,,wind Farm Cottage \0d0a62 Hollow Garden \0d0aMosborough \0d0aSheffield,19539.0,1.0,,18.0
PEOPLE,02,2019-04-11 07:24:57.027674,AGECERT,FieldType.STRING,,\0d0aW Lothian\0d0a,19539.0,1.0,,1.0
PEOPLE,02,2019-04-11 07:24:57.027674,ARI,FieldType.STRING,,\0d0aWolverhampton,19539.0,1.0,,1.0
PEOPLE,02,2019-04-11 07:24:57.027674,DATEDIED,FieldType.STRING,,\0d0aWest Sussex.\0d0aPo21 2h5.,19539.0,1.0,,2.0
PEOPLE,02,2019-04-11 07:24:57.027674,DOB,FieldType.STRING,,\0d0aWs7 9jq.,19539.0,1.0,,1.0
PEOPLE,02,2019-04-11 07:24:57.027674,FORENAME,FieldType.STRING,,trefor,19539.0,1.0,,7643.0
PEOPLE,02,2019-04-11 07:24:57.027674,GENEMAIL,FieldType.STRING,,Yvonne Czarina Cisseen,19539.0,1.0,,2709.0
PEOPLE,02,2019-04-11 07:24:57.027674,GENPHONE,FieldType.STRING,,Terence,19539.0,1.0,,2713.0
PEOPLE,02,2019-04-11 07:24:57.027674,GENPOSTAL,FieldType.STRING,,Joanne,19539.0,1.0,,2730.0
PEOPLE,02,2019-04-11 07:24:57.027674,GENSMS,FieldType.STRING,,Marilyn,19539.0,1.0,,2719.0
PEOPLE,02,2019-04-11 07:24:57.027674,GMPDATE,FieldType.STRING,,<null>,19539.0,1.0,,107.0
PEOPLE,02,2019-04-11 07:24:57.027674,ID,FieldType.STRING,,<null>,19539.0,1.0,,16.0
PEOPLE,02,2019-04-11 07:24:57.027674,INITIALS,FieldType.STRING,,ZR,19539.0,1.0,,3.0
PEOPLE,02,2019-04-11 07:24:57.027674,MARRCERT,FieldType.STRING,,was Barter,19539.0,1.0,,126.0
PEOPLE,02,2019-04-11 07:24:57.027674,MARRDATE,FieldType.STRING,,Y,19539.0,1.0,,10.0
PEOPLE,02,2019-04-11 07:24:57.027674,MEMNO,FieldType.STRING,,WM,19539.0,1.0,,6.0
PEOPLE,02,2019-04-11 07:24:57.027674,MINRETIREMENTDATE,FieldType.STRING,,Y,19539.0,1.0,,2.0
PEOPLE,02,2019-04-11 07:24:57.027674,MSTA,FieldType.STRING,,Widowed,19539.0,1.0,,1.0
PEOPLE,02,2019-04-11 07:24:57.027674,NINO,FieldType.STRING,,ZZ019055Y,19539.0,1.0,,2.0
PEOPLE,02,2019-04-11 07:24:57.027674,OTHERNO,FieldType.STRING,,y,19539.0,1.0,,447.0
PEOPLE,02,2019-04-11 07:24:57.027674,OVERSEAS,FieldType.STRING,,Y,19539.0,1.0,,7.0
PEOPLE,02,2019-04-11 07:24:57.027674,PENSERYEARS,FieldType.STRING,,YR29999455B,19539.0,1.0,,24.0
PEOPLE,02,2019-04-11 07:24:57.027674,POSTCODE,FieldType.STRING,,ZZ96 6LP,19539.0,1.0,,366.0
PEOPLE,02,2019-04-11 07:24:57.027674,PROTECTIONAMT,FieldType.STRING,,N,19539.0,1.0,,358.0
PEOPLE,02,2019-04-11 07:24:57.027674,PROTECTIONTYPE,FieldType.STRING,,<null>,19539.0,1.0,,2628.0
PEOPLE,02,2019-04-11 07:24:57.027674,PROTECTPCENT,FieldType.STRING,,<null>,19539.0,1.0,,97.0
PEOPLE,02,2019-04-11 07:24:57.027674,PSFLAG,FieldType.STRING,,<null>,19539.0,1.0,,18.0
PEOPLE,02,2019-04-11 07:24:57.027674,PSPART,FieldType.STRING,,YO24 4QX,19539.0,1.0,,3.0
PEOPLE,02,2019-04-11 07:24:57.027674,QUOEMAIL,FieldType.STRING,,Y,19539.0,1.0,,2606.0
PEOPLE,02,2019-04-11 07:24:57.027674,QUOPHONE,FieldType.STRING,,<null>,19539.0,1.0,,2701.0
PEOPLE,02,2019-04-11 07:24:57.027674,QUOPOSTAL,FieldType.STRING,,<null>,19539.0,1.0,,2706.0
PEOPLE,02,2019-04-11 07:24:57.027674,QUOSMS,FieldType.STRING,,<null>,19539.0,1.0,,2707.0
PEOPLE,02,2019-04-11 07:24:57.027674,REGCHECKED,FieldType.STRING,,N,19539.0,1.0,,102.0
PEOPLE,02,2019-04-11 07:24:57.027674,REGISTRATION,FieldType.STRING,,phillipa,19539.0,1.0,,934.0
PEOPLE,02,2019-04-11 07:24:57.027674,SEX,FieldType.STRING,,Opt Out,19539.0,1.0,,20.0
PEOPLE,02,2019-04-11 07:24:57.027674,SPAD,FieldType.STRING,,N,19539.0,1.0,,10.0
PEOPLE,02,2019-04-11 07:24:57.027674,SURNAME,FieldType.STRING,,SurnameZ,19539.0,1.0,,5.0
PEOPLE,02,2019-04-11 07:24:57.027674,TITLE,FieldType.STRING,,mrs,19539.0,1.0,,9.0
PEOPLE,02,2019-04-11 07:24:57.027674,Column39,FieldType.STRING,,Surname96,19539.0,1.0,,19169.0
PEOPLE,02,2019-04-11 07:24:57.027674,Column40,FieldType.STRING,,Surname76,19539.0,1.0,,19479.0
PEOPLE,02,2019-04-11 07:24:57.027674,Column41,FieldType.STRING,,Ms,19539.0,1.0,,19490.0
PEOPLE,02,2019-04-11 07:24:57.027674,Column42,FieldType.STRING,,Wilkinson,19539.0,1.0,,19503.0
PEOPLE,02,2019-04-11 07:24:57.027674,Column43,FieldType.STRING,,Ms,19539.0,19513.0,,19511.0
PEOPLE,02,2019-04-11 07:24:57.027674,Column44,FieldType.STRING,,,19539.0,,,26.0
SERVICE,02,2019-04-11 07:24:59.393992,ABADJUSTED,FieldType.STRING,0,SCHEME=BAR,22656.0,1.0,,1.0
SERVICE,02,2019-04-11 07:24:59.393992,ABFUND,FieldType.STRING,0,suspended,22656.0,1.0,,22655.0
SERVICE,02,2019-04-11 07:24:59.393992,ABHOURPW,FieldType.STRING,0,99.32,22656.0,1.0,,
SERVICE,02,2019-04-11 07:24:59.393992,ABHRSINWW,FieldType.STRING,01/01/1984,100,22656.0,1.0,,
SERVICE,02,2019-04-11 07:24:59.393992,ABSEND,FieldType.STRING,00016079,<null>,22656.0,1.0,,
SERVICE,02,2019-04-11 07:24:59.393992,ABSERFLAG,FieldType.STRING,<null>,<null>,22656.0,1.0,,
SERVICE,02,2019-04-11 07:24:59.393992,ABSERPER,FieldType.STRING,<null>,<null>,22656.0,1.0,,
SERVICE,02,2019-04-11 07:24:59.393992,ABSERTYPE,FieldType.STRING,1,<null>,22656.0,1.0,,
SERVICE,02,2019-04-11 07:24:59.393992,ABSOURCE,FieldType.STRING,01/01/1986,1,22656.0,1.0,,
SERVICE,02,2019-04-11 07:24:59.393992,ABSSTART,FieldType.STRING,          ,31/12/2006,22656.0,1.0,,
SERVICE,02,2019-04-11 07:24:59.393992,ABSTAT,FieldType.STRING,01/01/1984,Z90005R   ,22656.0,1.0,,
SERVICE,02,2019-04-11 07:24:59.393992,ABSTATED,FieldType.STRING,Contract,<null>,22656.0,1.0,,
SERVICE,02,2019-04-11 07:24:59.393992,ABTYPE,FieldType.STRING,<null>,Service Breaks,22656.0,1.0,,
SERVICE,02,2019-04-11 07:24:59.393992,AWHOURSYTD,FieldType.STRING,<null>,<null>,22656.0,1.0,,
SERVICE,02,2019-04-11 07:24:59.393992,AWINDICATOR,FieldType.STRING,<null>,<null>,22656.0,1.0,,
SERVICE,02,2019-04-11 07:24:59.393992,DERIVEDHOURSYTD,FieldType.STRING,18656,<null>,22656.0,1.0,,
SERVICE,02,2019-04-11 07:24:59.393992,MEMNO,FieldType.STRING,0,74027,22656.0,1.0,,
SERVICE,02,2019-04-11 07:24:59.393992,PENSIONPCENT,FieldType.STRING,<null>,<null>,22656.0,1.0,,
SERVICE,02,2019-04-11 07:24:59.393992,POST05PENSION,FieldType.STRING,<null>,<null>,22656.0,1.0,,
SERVICE,02,2019-04-11 07:24:59.393992,POST97PENSION,FieldType.STRING,<null>,<null>,22656.0,1.0,,
SERVICE,02,2019-04-11 07:24:59.393992,PRE97PENSION,FieldType.STRING,*** Not Set Up ***,<null>,22656.0,1.0,,
SERVICE,02,2019-04-11 07:24:59.393992,REASONTYPE,FieldType.STRING,18654,suspended,22656.0,1.0,,
SERVICE,02,2019-04-11 07:24:59.393992,SERVICEID,FieldType.STRING,0,56331,22656.0,1.0,,
SERVICE,02,2019-04-11 07:24:59.393992,SERVICEPCENT,FieldType.STRING,,<null>,22656.0,,,
SERVICE,02,2019-04-11 07:24:59.393992,Column25,FieldType.STRING,,,22656.0,,,
STATHIS,02,2019-04-11 07:25:00.396733,MEMNO,FieldType.STRING,18654,SCHEME=BAR,49326.0,1.0,,1.0
STATHIS,02,2019-04-11 07:25:00.396733,SSTA,FieldType.STRING,01/02/2016 13:08:55,99,49326.0,1.0,,49325.0
STATHIS,02,2019-04-11 07:25:00.396733,STACHANGED,FieldType.STRING,01/01/1966,<null>,49326.0,1.0,,
STATHIS,02,2019-04-11 07:25:00.396733,STAEND,FieldType.STRING,01/01/1935,<null>,49326.0,1.0,,
STATHIS,02,2019-04-11 07:25:00.396733,STASTART,FieldType.STRING,40806,<null>,49326.0,1.0,,
STATHIS,02,2019-04-11 07:25:00.396733,STATHISID,FieldType.STRING,00 Employed,91054,49326.0,1.0,,
STATHIS,02,2019-04-11 07:25:00.396733,STATUS,FieldType.STRING,,99 Dependant Pension Ceased,49326.0,,,
STATHIS,02,2019-04-11 07:25:00.396733,Column8,FieldType.STRING,,,49326.0,,,
USERDATA,02,2019-04-11 07:25:02.351900,FIELDVALUE,FieldType.STRING,<null>,SCHEME=BAR,17204.0,,,1.0
USERDATA,02,2019-04-11 07:25:02.351900,FORM,FieldType.STRING,,EXITRETIRED,17204.0,,,1.0
USERDATA,02,2019-04-11 07:25:02.351900,MEMNO,FieldType.STRING,,75603,17204.0,,,1.0
USERDATA,02,2019-04-11 07:25:02.351900,ROWID,FieldType.STRING,,<null>,17204.0,,,5275.0
USERDATA,02,2019-04-11 07:25:02.351900,USER1,FieldType.STRING,,Y,17204.0,,,4326.0
USERDATA,02,2019-04-11 07:25:02.351900,USER10,FieldType.STRING,,RN2223,17204.0,,,3471.0
USERDATA,02,2019-04-11 07:25:02.351900,USER11,FieldType.STRING,,no mail,17204.0,,,2136.0
USERDATA,02,2019-04-11 07:25:02.351900,USER12,FieldType.STRING,,<null>,17204.0,,,2239.0
USERDATA,02,2019-04-11 07:25:02.351900,USER13,FieldType.STRING,,<null>,17204.0,,,2239.0
USERDATA,02,2019-04-11 07:25:02.351900,USER14,FieldType.STRING,,<null>,17204.0,,,2204.0
USERDATA,02,2019-04-11 07:25:02.351900,USER15,FieldType.STRING,,<null>,17204.0,,,1632.0
USERDATA,02,2019-04-11 07:25:02.351900,USER16,FieldType.STRING,,<null>,17204.0,,,1481.0
USERDATA,02,2019-04-11 07:25:02.351900,USER17,FieldType.STRING,,Not able to work,17204.0,,,1483.0
USERDATA,02,2019-04-11 07:25:02.351900,USER18,FieldType.STRING,,<null>,17204.0,,,1302.0
USERDATA,02,2019-04-11 07:25:02.351900,USER19,FieldType.STRING,,<null>,17204.0,,,3508.0
USERDATA,02,2019-04-11 07:25:02.351900,USER2,FieldType.STRING,,<null>,17204.0,,,840.0
USERDATA,02,2019-04-11 07:25:02.351900,USER20,FieldType.STRING,,<null>,17204.0,,,852.0
USERDATA,02,2019-04-11 07:25:02.351900,USER21,FieldType.STRING,,Life Style Event,17204.0,,,852.0
USERDATA,02,2019-04-11 07:25:02.351900,USER22,FieldType.STRING,,<null>,17204.0,,,1.0
USERDATA,02,2019-04-11 07:25:02.351900,USER23,FieldType.STRING,,<null>,17204.0,,,1.0
USERDATA,02,2019-04-11 07:25:02.351900,USER24,FieldType.STRING,,<null>,17204.0,,,1.0
USERDATA,02,2019-04-11 07:25:02.351900,USER25,FieldType.STRING,,<null>,17204.0,,,1.0
USERDATA,02,2019-04-11 07:25:02.351900,USER26,FieldType.STRING,,<null>,17204.0,,,1.0
USERDATA,02,2019-04-11 07:25:02.351900,USER27,FieldType.STRING,,<null>,17204.0,,,1.0
USERDATA,02,2019-04-11 07:25:02.351900,USER28,FieldType.STRING,,<null>,17204.0,,,1.0
USERDATA,02,2019-04-11 07:25:02.351900,USER29,FieldType.STRING,,<null>,17204.0,,,4062.0
USERDATA,02,2019-04-11 07:25:02.351900,USER3,FieldType.STRING,,<null>,17204.0,,,1.0
USERDATA,02,2019-04-11 07:25:02.351900,USER30,FieldType.STRING,,<null>,17204.0,,,1.0
USERDATA,02,2019-04-11 07:25:02.351900,USER31,FieldType.STRING,,<null>,17204.0,,,1.0
USERDATA,02,2019-04-11 07:25:02.351900,USER32,FieldType.STRING,,<null>,17204.0,,,1.0
USERDATA,02,2019-04-11 07:25:02.351900,USER33,FieldType.STRING,,<null>,17204.0,,,1.0
USERDATA,02,2019-04-11 07:25:02.351900,USER34,FieldType.STRING,,<null>,17204.0,,,1.0
USERDATA,02,2019-04-11 07:25:02.351900,USER35,FieldType.STRING,,<null>,17204.0,,,4172.0
USERDATA,02,2019-04-11 07:25:02.351900,USER4,FieldType.STRING,,<null>,17204.0,,,5065.0
USERDATA,02,2019-04-11 07:25:02.351900,USER5,FieldType.STRING,,<null>,17204.0,,,2173.0
USERDATA,02,2019-04-11 07:25:02.351900,USER6,FieldType.STRING,,<null>,17204.0,,,6269.0
USERDATA,02,2019-04-11 07:25:02.351900,USER7,FieldType.STRING,,<null>,17204.0,,,3801.0
USERDATA,02,2019-04-11 07:25:02.351900,USER8,FieldType.STRING,,Millenium,17204.0,,,4903.0
USERDATA,02,2019-04-11 07:25:02.351900,USER9,FieldType.STRING,,No,17204.0,,,
